{
    "activations": 560,
    "activations_alignment": 4,
    "c_arrays": [
        {
            "c_bits": [
                32,
                0
            ],
            "c_id": 0,
            "c_size_in_byte": 40,
            "c_type": "const float",
            "conv_type": "",
            "format": "float",
            "mem_pool": "weights",
            "name": "dense_9_bias_array",
            "offset": 284480,
            "size": 10,
            "start_offset": 284480,
            "tensors": [
                {
                    "name": "dense_9_bias",
                    "shape": [
                        1,
                        1,
                        1,
                        10
                    ]
                }
            ]
        },
        {
            "c_bits": [
                32,
                0
            ],
            "c_id": 1,
            "c_size_in_byte": 800,
            "c_type": "const float",
            "conv_type": "",
            "format": "float",
            "mem_pool": "weights",
            "name": "dense_9_weights_array",
            "offset": 283680,
            "size": 200,
            "start_offset": 283680,
            "tensors": [
                {
                    "name": "dense_9_weights",
                    "shape": [
                        20,
                        1,
                        1,
                        10
                    ]
                }
            ]
        },
        {
            "c_bits": [
                32,
                0
            ],
            "c_id": 2,
            "c_size_in_byte": 80,
            "c_type": "const float",
            "conv_type": "",
            "format": "float",
            "mem_pool": "weights",
            "name": "dense_7_bias_array",
            "offset": 283600,
            "size": 20,
            "start_offset": 283600,
            "tensors": [
                {
                    "name": "dense_7_bias",
                    "shape": [
                        1,
                        1,
                        1,
                        20
                    ]
                }
            ]
        },
        {
            "c_bits": [
                32,
                0
            ],
            "c_id": 3,
            "c_size_in_byte": 3200,
            "c_type": "const float",
            "conv_type": "",
            "format": "float",
            "mem_pool": "weights",
            "name": "dense_7_weights_array",
            "offset": 280400,
            "size": 800,
            "start_offset": 280400,
            "tensors": [
                {
                    "name": "dense_7_weights",
                    "shape": [
                        40,
                        1,
                        1,
                        20
                    ]
                }
            ]
        },
        {
            "c_bits": [
                32,
                0
            ],
            "c_id": 4,
            "c_size_in_byte": 160,
            "c_type": "const float",
            "conv_type": "",
            "format": "float",
            "mem_pool": "weights",
            "name": "dense_5_bias_array",
            "offset": 280240,
            "size": 40,
            "start_offset": 280240,
            "tensors": [
                {
                    "name": "dense_5_bias",
                    "shape": [
                        1,
                        1,
                        1,
                        40
                    ]
                }
            ]
        },
        {
            "c_bits": [
                32,
                0
            ],
            "c_id": 5,
            "c_size_in_byte": 9600,
            "c_type": "const float",
            "conv_type": "",
            "format": "float",
            "mem_pool": "weights",
            "name": "dense_5_weights_array",
            "offset": 270640,
            "size": 2400,
            "start_offset": 270640,
            "tensors": [
                {
                    "name": "dense_5_weights",
                    "shape": [
                        60,
                        1,
                        1,
                        40
                    ]
                }
            ]
        },
        {
            "c_bits": [
                32,
                0
            ],
            "c_id": 6,
            "c_size_in_byte": 240,
            "c_type": "const float",
            "conv_type": "",
            "format": "float",
            "mem_pool": "weights",
            "name": "dense_3_bias_array",
            "offset": 270400,
            "size": 60,
            "start_offset": 270400,
            "tensors": [
                {
                    "name": "dense_3_bias",
                    "shape": [
                        1,
                        1,
                        1,
                        60
                    ]
                }
            ]
        },
        {
            "c_bits": [
                32,
                0
            ],
            "c_id": 7,
            "c_size_in_byte": 19200,
            "c_type": "const float",
            "conv_type": "",
            "format": "float",
            "mem_pool": "weights",
            "name": "dense_3_weights_array",
            "offset": 251200,
            "size": 4800,
            "start_offset": 251200,
            "tensors": [
                {
                    "name": "dense_3_weights",
                    "shape": [
                        80,
                        1,
                        1,
                        60
                    ]
                }
            ]
        },
        {
            "c_bits": [
                32,
                0
            ],
            "c_id": 8,
            "c_size_in_byte": 320,
            "c_type": "const float",
            "conv_type": "",
            "format": "float",
            "mem_pool": "weights",
            "name": "dense_1_bias_array",
            "offset": 250880,
            "size": 80,
            "start_offset": 250880,
            "tensors": [
                {
                    "name": "dense_1_bias",
                    "shape": [
                        1,
                        1,
                        1,
                        80
                    ]
                }
            ]
        },
        {
            "c_bits": [
                32,
                0
            ],
            "c_id": 9,
            "c_size_in_byte": 250880,
            "c_type": "const float",
            "conv_type": "",
            "format": "float",
            "mem_pool": "weights",
            "name": "dense_1_weights_array",
            "offset": 0,
            "size": 62720,
            "start_offset": 0,
            "tensors": [
                {
                    "name": "dense_1_weights",
                    "shape": [
                        784,
                        1,
                        1,
                        80
                    ]
                }
            ]
        },
        {
            "c_bits": [
                32,
                0
            ],
            "c_id": 10,
            "c_size_in_byte": 3136,
            "c_type": "float",
            "conv_type": "",
            "format": "float",
            "io_type": "input",
            "mem_pool": "user",
            "name": "serving_default_flatten_1_input0_output_array",
            "offset": "NULL",
            "size": 784,
            "start_offset": "NULL",
            "tensors": [
                {
                    "name": "serving_default_flatten_1_input0_output",
                    "shape": [
                        1,
                        1,
                        28,
                        28
                    ]
                },
                {
                    "name": "serving_default_flatten_1_input0_output0",
                    "shape": [
                        1,
                        1,
                        1,
                        784
                    ]
                }
            ]
        },
        {
            "c_bits": [
                32,
                0
            ],
            "c_id": 11,
            "c_size_in_byte": 320,
            "c_type": "float",
            "conv_type": "",
            "format": "float",
            "mem_pool": "activations",
            "name": "dense_1_output_array",
            "offset": 0,
            "size": 80,
            "start_offset": 0,
            "tensors": [
                {
                    "name": "dense_1_output",
                    "shape": [
                        1,
                        1,
                        1,
                        80
                    ]
                }
            ]
        },
        {
            "c_bits": [
                32,
                0
            ],
            "c_id": 12,
            "c_size_in_byte": 320,
            "c_type": "float",
            "conv_type": "",
            "format": "float",
            "mem_pool": "activations",
            "name": "nl_2_output_array",
            "offset": 0,
            "size": 80,
            "start_offset": 0,
            "tensors": [
                {
                    "name": "nl_2_output",
                    "shape": [
                        1,
                        1,
                        1,
                        80
                    ]
                }
            ]
        },
        {
            "c_bits": [
                32,
                0
            ],
            "c_id": 13,
            "c_size_in_byte": 240,
            "c_type": "float",
            "conv_type": "",
            "format": "float",
            "mem_pool": "activations",
            "name": "dense_3_output_array",
            "offset": 320,
            "size": 60,
            "start_offset": 320,
            "tensors": [
                {
                    "name": "dense_3_output",
                    "shape": [
                        1,
                        1,
                        1,
                        60
                    ]
                }
            ]
        },
        {
            "c_bits": [
                32,
                0
            ],
            "c_id": 14,
            "c_size_in_byte": 240,
            "c_type": "float",
            "conv_type": "",
            "format": "float",
            "mem_pool": "activations",
            "name": "nl_4_output_array",
            "offset": 0,
            "size": 60,
            "start_offset": 0,
            "tensors": [
                {
                    "name": "nl_4_output",
                    "shape": [
                        1,
                        1,
                        1,
                        60
                    ]
                }
            ]
        },
        {
            "c_bits": [
                32,
                0
            ],
            "c_id": 15,
            "c_size_in_byte": 160,
            "c_type": "float",
            "conv_type": "",
            "format": "float",
            "mem_pool": "activations",
            "name": "dense_5_output_array",
            "offset": 240,
            "size": 40,
            "start_offset": 240,
            "tensors": [
                {
                    "name": "dense_5_output",
                    "shape": [
                        1,
                        1,
                        1,
                        40
                    ]
                }
            ]
        },
        {
            "c_bits": [
                32,
                0
            ],
            "c_id": 16,
            "c_size_in_byte": 160,
            "c_type": "float",
            "conv_type": "",
            "format": "float",
            "mem_pool": "activations",
            "name": "nl_6_output_array",
            "offset": 0,
            "size": 40,
            "start_offset": 0,
            "tensors": [
                {
                    "name": "nl_6_output",
                    "shape": [
                        1,
                        1,
                        1,
                        40
                    ]
                }
            ]
        },
        {
            "c_bits": [
                32,
                0
            ],
            "c_id": 17,
            "c_size_in_byte": 80,
            "c_type": "float",
            "conv_type": "",
            "format": "float",
            "mem_pool": "activations",
            "name": "dense_7_output_array",
            "offset": 160,
            "size": 20,
            "start_offset": 160,
            "tensors": [
                {
                    "name": "dense_7_output",
                    "shape": [
                        1,
                        1,
                        1,
                        20
                    ]
                }
            ]
        },
        {
            "c_bits": [
                32,
                0
            ],
            "c_id": 18,
            "c_size_in_byte": 80,
            "c_type": "float",
            "conv_type": "",
            "format": "float",
            "mem_pool": "activations",
            "name": "nl_8_output_array",
            "offset": 0,
            "size": 20,
            "start_offset": 0,
            "tensors": [
                {
                    "name": "nl_8_output",
                    "shape": [
                        1,
                        1,
                        1,
                        20
                    ]
                }
            ]
        },
        {
            "c_bits": [
                32,
                0
            ],
            "c_id": 19,
            "c_size_in_byte": 40,
            "c_type": "float",
            "conv_type": "",
            "format": "float",
            "io_type": "output",
            "mem_pool": "user",
            "name": "dense_9_output_array",
            "offset": "NULL",
            "size": 10,
            "start_offset": "NULL",
            "tensors": [
                {
                    "name": "dense_9_output",
                    "shape": [
                        1,
                        1,
                        1,
                        10
                    ]
                }
            ]
        }
    ],
    "c_arrays_n": 20,
    "c_intq_n": 0,
    "c_layers": [
        {
            "c_forward": "forward_dense",
            "c_id": 0,
            "m_id": 1,
            "macc": 62720,
            "name": "dense_1",
            "next": "nl_2",
            "rom": 251200,
            "tensors": {
                "inputs": [
                    "serving_default_flatten_1_input0_output0"
                ],
                "outputs": [
                    "dense_1_output"
                ],
                "scratchs": [],
                "weights": [
                    "dense_1_weights",
                    "dense_1_bias"
                ]
            },
            "type": "dense"
        },
        {
            "c_forward": "forward_elu",
            "c_id": 1,
            "m_id": 2,
            "macc": 880,
            "name": "nl_2",
            "next": "dense_3",
            "rom": 0,
            "tensors": {
                "inputs": [
                    "dense_1_output"
                ],
                "outputs": [
                    "nl_2_output"
                ],
                "scratchs": [],
                "weights": []
            },
            "type": "nl"
        },
        {
            "c_forward": "forward_dense",
            "c_id": 2,
            "m_id": 3,
            "macc": 4800,
            "name": "dense_3",
            "next": "nl_4",
            "rom": 19440,
            "tensors": {
                "inputs": [
                    "nl_2_output"
                ],
                "outputs": [
                    "dense_3_output"
                ],
                "scratchs": [],
                "weights": [
                    "dense_3_weights",
                    "dense_3_bias"
                ]
            },
            "type": "dense"
        },
        {
            "c_forward": "forward_elu",
            "c_id": 3,
            "m_id": 4,
            "macc": 660,
            "name": "nl_4",
            "next": "dense_5",
            "rom": 0,
            "tensors": {
                "inputs": [
                    "dense_3_output"
                ],
                "outputs": [
                    "nl_4_output"
                ],
                "scratchs": [],
                "weights": []
            },
            "type": "nl"
        },
        {
            "c_forward": "forward_dense",
            "c_id": 4,
            "m_id": 5,
            "macc": 2400,
            "name": "dense_5",
            "next": "nl_6",
            "rom": 9760,
            "tensors": {
                "inputs": [
                    "nl_4_output"
                ],
                "outputs": [
                    "dense_5_output"
                ],
                "scratchs": [],
                "weights": [
                    "dense_5_weights",
                    "dense_5_bias"
                ]
            },
            "type": "dense"
        },
        {
            "c_forward": "forward_elu",
            "c_id": 5,
            "m_id": 6,
            "macc": 440,
            "name": "nl_6",
            "next": "dense_7",
            "rom": 0,
            "tensors": {
                "inputs": [
                    "dense_5_output"
                ],
                "outputs": [
                    "nl_6_output"
                ],
                "scratchs": [],
                "weights": []
            },
            "type": "nl"
        },
        {
            "c_forward": "forward_dense",
            "c_id": 6,
            "m_id": 7,
            "macc": 800,
            "name": "dense_7",
            "next": "nl_8",
            "rom": 3280,
            "tensors": {
                "inputs": [
                    "nl_6_output"
                ],
                "outputs": [
                    "dense_7_output"
                ],
                "scratchs": [],
                "weights": [
                    "dense_7_weights",
                    "dense_7_bias"
                ]
            },
            "type": "dense"
        },
        {
            "c_forward": "forward_elu",
            "c_id": 7,
            "m_id": 8,
            "macc": 220,
            "name": "nl_8",
            "next": "dense_9",
            "rom": 0,
            "tensors": {
                "inputs": [
                    "dense_7_output"
                ],
                "outputs": [
                    "nl_8_output"
                ],
                "scratchs": [],
                "weights": []
            },
            "type": "nl"
        },
        {
            "c_forward": "forward_dense",
            "c_id": 8,
            "m_id": 9,
            "macc": 200,
            "name": "dense_9",
            "next": "dense_9",
            "rom": 840,
            "tensors": {
                "inputs": [
                    "nl_8_output"
                ],
                "outputs": [
                    "dense_9_output"
                ],
                "scratchs": [],
                "weights": [
                    "dense_9_weights",
                    "dense_9_bias"
                ]
            },
            "type": "dense"
        }
    ],
    "c_name": "network_2",
    "c_nodes_n": 9,
    "c_tensors_n": 21,
    "date_time": "Mon Dec  6 10:54:07 2021",
    "inputs": [
        "serving_default_flatten_1_input0_output"
    ],
    "macc": 73120,
    "model_name": "model2",
    "outputs": [
        "dense_9_output"
    ],
    "params_alignment": 4,
    "tools_api_version": {
        "major": 1,
        "micro": 0,
        "minor": 3
    },
    "tools_version": {
        "extra": null,
        "major": 5,
        "micro": 0,
        "minor": 2
    },
    "version": "1.0",
    "weights": 284520
}