{
    "_allocate_inputs": 0,
    "_allocate_outputs": 0,
    "cli_parameters": "generate --name network_1638779185950 -m /home/mverne/Desktop/model1.tflite --type tflite --compression 1 --verbosity 1 --workspace /tmp/mxAI_workspace31532393145963976212897643408936 --output /home/mverne/.stm32cubemx",
    "cli_version": {
        "major": 1,
        "micro": 0,
        "minor": 4
    },
    "cli_version_str": "1.4.0",
    "compression": {
        "factor": null,
        "layers": {}
    },
    "date_time": "Mon Dec  6 10:39:01 2021",
    "error": 0,
    "error_str": [],
    "evaluation_measures": [],
    "evaluation_status": "NOT EVALUATED",
    "exec_cmd": "generate",
    "exec_duration": 0.5416326522827148,
    "hash": "c73e676f6dd0a5a092eaf1d1d154e6d2",
    "inputs": [
        "serving_default_flatten_input0"
    ],
    "l2_error": -1.0,
    "l2_status": "NOT EVALUATED",
    "layers": [
        {
            "extras": {
                "c_l2_error": 0,
                "c_l2_id": -1,
                "n_macc": 0,
                "n_params": 0,
                "psize": 0,
                "rom_n_params": 0,
                "rom_output": {
                    "c_size": 3136,
                    "fmt": {
                        "c_bits": [
                            32,
                            0
                        ],
                        "c_format": "AI_ARRAY_FORMAT_FLOAT",
                        "c_size": 4,
                        "c_type": "ai_float",
                        "format": "FLOAT32"
                    },
                    "shape": [
                        1,
                        1,
                        784,
                        1
                    ]
                },
                "rom_size": 0,
                "rom_size_params": 0,
                "rom_trans": null
            },
            "id": 0,
            "inputs": [],
            "name": "serving_default_flatten_input0",
            "out_shapes": [
                [
                    28,
                    1,
                    28
                ]
            ],
            "outputs": [
                "serving_default_flatten_input0"
            ],
            "shape": [
                28,
                1,
                28
            ],
            "type": "Input"
        },
        {
            "extras": {
                "c_l2_error": 0,
                "c_l2_id": -1,
                "n_macc": 0,
                "n_params": 0,
                "psize": 0,
                "rom_n_params": 0,
                "rom_output": null,
                "rom_size": 0,
                "rom_size_params": 0,
                "rom_trans": null
            },
            "id": 0,
            "inputs": [
                "serving_default_flatten_input0"
            ],
            "name": "reshape_0",
            "out_shapes": [
                [
                    784
                ]
            ],
            "outputs": [
                "reshape_0"
            ],
            "shape": [
                784
            ],
            "type": "Reshape"
        },
        {
            "extras": {
                "c_l2_error": 0,
                "c_l2_id": -1,
                "n_macc": 62720,
                "n_params": 62800,
                "psize": 251200,
                "rom_n_params": 62800,
                "rom_output": {
                    "c_size": 320,
                    "fmt": {
                        "c_bits": [
                            32,
                            0
                        ],
                        "c_format": "AI_ARRAY_FORMAT_FLOAT",
                        "c_size": 4,
                        "c_type": "ai_float",
                        "format": "FLOAT32"
                    },
                    "shape": [
                        1,
                        1,
                        80,
                        1
                    ]
                },
                "rom_size": 251200,
                "rom_size_params": 251200,
                "rom_trans": null
            },
            "id": 1,
            "inputs": [
                "reshape_0"
            ],
            "name": "dense_1",
            "num_units": 80,
            "out_shapes": [
                [
                    80
                ]
            ],
            "outputs": [
                "dense_1"
            ],
            "type": "Dense",
            "use_bias": true
        },
        {
            "extras": {
                "c_l2_error": 0,
                "c_l2_id": -1,
                "n_macc": 880,
                "n_params": 0,
                "psize": 0,
                "rom_n_params": 0,
                "rom_output": {
                    "c_size": 320,
                    "fmt": {
                        "c_bits": [
                            32,
                            0
                        ],
                        "c_format": "AI_ARRAY_FORMAT_FLOAT",
                        "c_size": 4,
                        "c_type": "ai_float",
                        "format": "FLOAT32"
                    },
                    "shape": [
                        1,
                        1,
                        80,
                        1
                    ]
                },
                "rom_size": 0,
                "rom_size_params": 0,
                "rom_trans": null
            },
            "id": 2,
            "inputs": [
                "dense_1"
            ],
            "name": "nl_2",
            "nonlinearity": "selu",
            "out_shapes": [
                [
                    80
                ]
            ],
            "outputs": [
                "nl_2"
            ],
            "type": "Nonlinearity"
        },
        {
            "extras": {
                "c_l2_error": 0,
                "c_l2_id": -1,
                "n_macc": 4800,
                "n_params": 4860,
                "psize": 19440,
                "rom_n_params": 4860,
                "rom_output": {
                    "c_size": 240,
                    "fmt": {
                        "c_bits": [
                            32,
                            0
                        ],
                        "c_format": "AI_ARRAY_FORMAT_FLOAT",
                        "c_size": 4,
                        "c_type": "ai_float",
                        "format": "FLOAT32"
                    },
                    "shape": [
                        1,
                        1,
                        60,
                        1
                    ]
                },
                "rom_size": 19440,
                "rom_size_params": 19440,
                "rom_trans": null
            },
            "id": 3,
            "inputs": [
                "nl_2"
            ],
            "name": "dense_3",
            "num_units": 60,
            "out_shapes": [
                [
                    60
                ]
            ],
            "outputs": [
                "dense_3"
            ],
            "type": "Dense",
            "use_bias": true
        },
        {
            "extras": {
                "c_l2_error": 0,
                "c_l2_id": -1,
                "n_macc": 660,
                "n_params": 0,
                "psize": 0,
                "rom_n_params": 0,
                "rom_output": {
                    "c_size": 240,
                    "fmt": {
                        "c_bits": [
                            32,
                            0
                        ],
                        "c_format": "AI_ARRAY_FORMAT_FLOAT",
                        "c_size": 4,
                        "c_type": "ai_float",
                        "format": "FLOAT32"
                    },
                    "shape": [
                        1,
                        1,
                        60,
                        1
                    ]
                },
                "rom_size": 0,
                "rom_size_params": 0,
                "rom_trans": null
            },
            "id": 4,
            "inputs": [
                "dense_3"
            ],
            "name": "nl_4",
            "nonlinearity": "selu",
            "out_shapes": [
                [
                    60
                ]
            ],
            "outputs": [
                "nl_4"
            ],
            "type": "Nonlinearity"
        },
        {
            "extras": {
                "c_l2_error": 0,
                "c_l2_id": -1,
                "n_macc": 600,
                "n_params": 610,
                "psize": 2440,
                "rom_n_params": 610,
                "rom_output": {
                    "c_size": 40,
                    "fmt": {
                        "c_bits": [
                            32,
                            0
                        ],
                        "c_format": "AI_ARRAY_FORMAT_FLOAT",
                        "c_size": 4,
                        "c_type": "ai_float",
                        "format": "FLOAT32"
                    },
                    "shape": [
                        1,
                        1,
                        10,
                        1
                    ]
                },
                "rom_size": 2440,
                "rom_size_params": 2440,
                "rom_trans": null
            },
            "id": 5,
            "inputs": [
                "nl_4"
            ],
            "name": "dense_5",
            "num_units": 10,
            "out_shapes": [
                [
                    10
                ]
            ],
            "outputs": [
                "dense_5"
            ],
            "type": "Dense",
            "use_bias": true
        }
    ],
    "maxlen_name": 38,
    "md5": "c73e676f6dd0a5a092eaf1d1d154e6d2",
    "model_files": [
        "/home/mverne/Desktop/model1.tflite"
    ],
    "model_n_params": 68270,
    "model_name": "model1",
    "model_size": 273080,
    "model_type": "tflite (tflite)",
    "name": "network_1638779185950",
    "outputs": [
        "dense_5"
    ],
    "ram_io_size": [
        3136,
        40
    ],
    "ram_size": [
        560,
        560
    ],
    "report_version": 1.0,
    "rom_cfact": null,
    "rom_heap": [
        0,
        0
    ],
    "rom_heap_inspector": 1024,
    "rom_inputs": [
        {
            "c_size": 3136,
            "c_type": "ai_float",
            "name": "serving_default_flatten_input0"
        }
    ],
    "rom_l2_error_max": 0.0,
    "rom_n_c_nodes": 5,
    "rom_n_macc": 69660,
    "rom_n_macc_max": 62720,
    "rom_outputs": [
        {
            "c_size": 40,
            "c_type": "ai_float",
            "name": "dense_5"
        }
    ],
    "rom_size": 273080,
    "rom_size_max": 251200,
    "rom_stack": [
        0,
        0
    ],
    "strategy": "heap_overlay_pool",
    "tools_api_version": {
        "major": 1,
        "micro": 0,
        "minor": 3
    },
    "tools_version": {
        "extra": null,
        "major": 5,
        "micro": 0,
        "minor": 2
    },
    "version": "0.2"
}