{
    "activations": 560,
    "activations_alignment": 4,
    "c_arrays": [
        {
            "c_bits": [
                32,
                0
            ],
            "c_id": 0,
            "c_size_in_byte": 40,
            "c_type": "const float",
            "conv_type": "",
            "format": "float",
            "mem_pool": "weights",
            "name": "dense_5_bias_array",
            "offset": 273040,
            "size": 10,
            "start_offset": 273040,
            "tensors": [
                {
                    "name": "dense_5_bias",
                    "shape": [
                        1,
                        1,
                        1,
                        10
                    ]
                }
            ]
        },
        {
            "c_bits": [
                32,
                0
            ],
            "c_id": 1,
            "c_size_in_byte": 2400,
            "c_type": "const float",
            "conv_type": "",
            "format": "float",
            "mem_pool": "weights",
            "name": "dense_5_weights_array",
            "offset": 270640,
            "size": 600,
            "start_offset": 270640,
            "tensors": [
                {
                    "name": "dense_5_weights",
                    "shape": [
                        60,
                        1,
                        1,
                        10
                    ]
                }
            ]
        },
        {
            "c_bits": [
                32,
                0
            ],
            "c_id": 2,
            "c_size_in_byte": 240,
            "c_type": "const float",
            "conv_type": "",
            "format": "float",
            "mem_pool": "weights",
            "name": "dense_3_bias_array",
            "offset": 270400,
            "size": 60,
            "start_offset": 270400,
            "tensors": [
                {
                    "name": "dense_3_bias",
                    "shape": [
                        1,
                        1,
                        1,
                        60
                    ]
                }
            ]
        },
        {
            "c_bits": [
                32,
                0
            ],
            "c_id": 3,
            "c_size_in_byte": 19200,
            "c_type": "const float",
            "conv_type": "",
            "format": "float",
            "mem_pool": "weights",
            "name": "dense_3_weights_array",
            "offset": 251200,
            "size": 4800,
            "start_offset": 251200,
            "tensors": [
                {
                    "name": "dense_3_weights",
                    "shape": [
                        80,
                        1,
                        1,
                        60
                    ]
                }
            ]
        },
        {
            "c_bits": [
                32,
                0
            ],
            "c_id": 4,
            "c_size_in_byte": 320,
            "c_type": "const float",
            "conv_type": "",
            "format": "float",
            "mem_pool": "weights",
            "name": "dense_1_bias_array",
            "offset": 250880,
            "size": 80,
            "start_offset": 250880,
            "tensors": [
                {
                    "name": "dense_1_bias",
                    "shape": [
                        1,
                        1,
                        1,
                        80
                    ]
                }
            ]
        },
        {
            "c_bits": [
                32,
                0
            ],
            "c_id": 5,
            "c_size_in_byte": 250880,
            "c_type": "const float",
            "conv_type": "",
            "format": "float",
            "mem_pool": "weights",
            "name": "dense_1_weights_array",
            "offset": 0,
            "size": 62720,
            "start_offset": 0,
            "tensors": [
                {
                    "name": "dense_1_weights",
                    "shape": [
                        784,
                        1,
                        1,
                        80
                    ]
                }
            ]
        },
        {
            "c_bits": [
                32,
                0
            ],
            "c_id": 6,
            "c_size_in_byte": 3136,
            "c_type": "float",
            "conv_type": "",
            "format": "float",
            "io_type": "input",
            "mem_pool": "user",
            "name": "serving_default_flatten_input0_output_array",
            "offset": "NULL",
            "size": 784,
            "start_offset": "NULL",
            "tensors": [
                {
                    "name": "serving_default_flatten_input0_output",
                    "shape": [
                        1,
                        1,
                        28,
                        28
                    ]
                },
                {
                    "name": "serving_default_flatten_input0_output0",
                    "shape": [
                        1,
                        1,
                        1,
                        784
                    ]
                }
            ]
        },
        {
            "c_bits": [
                32,
                0
            ],
            "c_id": 7,
            "c_size_in_byte": 320,
            "c_type": "float",
            "conv_type": "",
            "format": "float",
            "mem_pool": "activations",
            "name": "dense_1_output_array",
            "offset": 0,
            "size": 80,
            "start_offset": 0,
            "tensors": [
                {
                    "name": "dense_1_output",
                    "shape": [
                        1,
                        1,
                        1,
                        80
                    ]
                }
            ]
        },
        {
            "c_bits": [
                32,
                0
            ],
            "c_id": 8,
            "c_size_in_byte": 320,
            "c_type": "float",
            "conv_type": "",
            "format": "float",
            "mem_pool": "activations",
            "name": "nl_2_output_array",
            "offset": 0,
            "size": 80,
            "start_offset": 0,
            "tensors": [
                {
                    "name": "nl_2_output",
                    "shape": [
                        1,
                        1,
                        1,
                        80
                    ]
                }
            ]
        },
        {
            "c_bits": [
                32,
                0
            ],
            "c_id": 9,
            "c_size_in_byte": 240,
            "c_type": "float",
            "conv_type": "",
            "format": "float",
            "mem_pool": "activations",
            "name": "dense_3_output_array",
            "offset": 320,
            "size": 60,
            "start_offset": 320,
            "tensors": [
                {
                    "name": "dense_3_output",
                    "shape": [
                        1,
                        1,
                        1,
                        60
                    ]
                }
            ]
        },
        {
            "c_bits": [
                32,
                0
            ],
            "c_id": 10,
            "c_size_in_byte": 240,
            "c_type": "float",
            "conv_type": "",
            "format": "float",
            "mem_pool": "activations",
            "name": "nl_4_output_array",
            "offset": 0,
            "size": 60,
            "start_offset": 0,
            "tensors": [
                {
                    "name": "nl_4_output",
                    "shape": [
                        1,
                        1,
                        1,
                        60
                    ]
                }
            ]
        },
        {
            "c_bits": [
                32,
                0
            ],
            "c_id": 11,
            "c_size_in_byte": 40,
            "c_type": "float",
            "conv_type": "",
            "format": "float",
            "io_type": "output",
            "mem_pool": "user",
            "name": "dense_5_output_array",
            "offset": "NULL",
            "size": 10,
            "start_offset": "NULL",
            "tensors": [
                {
                    "name": "dense_5_output",
                    "shape": [
                        1,
                        1,
                        1,
                        10
                    ]
                }
            ]
        }
    ],
    "c_arrays_n": 12,
    "c_intq_n": 0,
    "c_layers": [
        {
            "c_forward": "forward_dense",
            "c_id": 0,
            "m_id": 1,
            "macc": 62720,
            "name": "dense_1",
            "next": "nl_2",
            "rom": 251200,
            "tensors": {
                "inputs": [
                    "serving_default_flatten_input0_output0"
                ],
                "outputs": [
                    "dense_1_output"
                ],
                "scratchs": [],
                "weights": [
                    "dense_1_weights",
                    "dense_1_bias"
                ]
            },
            "type": "dense"
        },
        {
            "c_forward": "forward_elu",
            "c_id": 1,
            "m_id": 2,
            "macc": 880,
            "name": "nl_2",
            "next": "dense_3",
            "rom": 0,
            "tensors": {
                "inputs": [
                    "dense_1_output"
                ],
                "outputs": [
                    "nl_2_output"
                ],
                "scratchs": [],
                "weights": []
            },
            "type": "nl"
        },
        {
            "c_forward": "forward_dense",
            "c_id": 2,
            "m_id": 3,
            "macc": 4800,
            "name": "dense_3",
            "next": "nl_4",
            "rom": 19440,
            "tensors": {
                "inputs": [
                    "nl_2_output"
                ],
                "outputs": [
                    "dense_3_output"
                ],
                "scratchs": [],
                "weights": [
                    "dense_3_weights",
                    "dense_3_bias"
                ]
            },
            "type": "dense"
        },
        {
            "c_forward": "forward_elu",
            "c_id": 3,
            "m_id": 4,
            "macc": 660,
            "name": "nl_4",
            "next": "dense_5",
            "rom": 0,
            "tensors": {
                "inputs": [
                    "dense_3_output"
                ],
                "outputs": [
                    "nl_4_output"
                ],
                "scratchs": [],
                "weights": []
            },
            "type": "nl"
        },
        {
            "c_forward": "forward_dense",
            "c_id": 4,
            "m_id": 5,
            "macc": 600,
            "name": "dense_5",
            "next": "dense_5",
            "rom": 2440,
            "tensors": {
                "inputs": [
                    "nl_4_output"
                ],
                "outputs": [
                    "dense_5_output"
                ],
                "scratchs": [],
                "weights": [
                    "dense_5_weights",
                    "dense_5_bias"
                ]
            },
            "type": "dense"
        }
    ],
    "c_name": "network_1638779185950",
    "c_nodes_n": 5,
    "c_tensors_n": 13,
    "date_time": "Mon Dec  6 10:39:01 2021",
    "inputs": [
        "serving_default_flatten_input0_output"
    ],
    "macc": 69660,
    "model_name": "model1",
    "outputs": [
        "dense_5_output"
    ],
    "params_alignment": 4,
    "tools_api_version": {
        "major": 1,
        "micro": 0,
        "minor": 3
    },
    "tools_version": {
        "extra": null,
        "major": 5,
        "micro": 0,
        "minor": 2
    },
    "version": "1.0",
    "weights": 273080
}