{
    "_allocate_inputs": 0,
    "_allocate_outputs": 0,
    "cli_parameters": "generate --name network -m /home/mverne/Desktop/model3.tflite --type tflite --compression 1 --verbosity 1 --workspace /tmp/mxAI_workspace63350268713999680235935684674214 --output /home/mverne/.stm32cubemx",
    "cli_version": {
        "major": 1,
        "micro": 0,
        "minor": 4
    },
    "cli_version_str": "1.4.0",
    "compression": {
        "factor": null,
        "layers": {}
    },
    "date_time": "Mon Dec  6 11:32:03 2021",
    "error": 0,
    "error_str": [],
    "evaluation_measures": [],
    "evaluation_status": "NOT EVALUATED",
    "exec_cmd": "generate",
    "exec_duration": 0.5539875030517578,
    "hash": "839507964ac563d01a3b1ea7390ed78b",
    "inputs": [
        "serving_default_flatten_2_input0"
    ],
    "l2_error": -1.0,
    "l2_status": "NOT EVALUATED",
    "layers": [
        {
            "extras": {
                "c_l2_error": 0,
                "c_l2_id": -1,
                "n_macc": 0,
                "n_params": 0,
                "psize": 0,
                "rom_n_params": 0,
                "rom_output": {
                    "c_size": 3136,
                    "fmt": {
                        "c_bits": [
                            32,
                            0
                        ],
                        "c_format": "AI_ARRAY_FORMAT_FLOAT",
                        "c_size": 4,
                        "c_type": "ai_float",
                        "format": "FLOAT32"
                    },
                    "shape": [
                        1,
                        1,
                        784,
                        1
                    ]
                },
                "rom_size": 0,
                "rom_size_params": 0,
                "rom_trans": null
            },
            "id": 0,
            "inputs": [],
            "name": "serving_default_flatten_2_input0",
            "out_shapes": [
                [
                    28,
                    1,
                    28
                ]
            ],
            "outputs": [
                "serving_default_flatten_2_input0"
            ],
            "shape": [
                28,
                1,
                28
            ],
            "type": "Input"
        },
        {
            "extras": {
                "c_l2_error": 0,
                "c_l2_id": -1,
                "n_macc": 0,
                "n_params": 0,
                "psize": 0,
                "rom_n_params": 0,
                "rom_output": null,
                "rom_size": 0,
                "rom_size_params": 0,
                "rom_trans": null
            },
            "id": 0,
            "inputs": [
                "serving_default_flatten_2_input0"
            ],
            "name": "reshape_0",
            "out_shapes": [
                [
                    784
                ]
            ],
            "outputs": [
                "reshape_0"
            ],
            "shape": [
                784
            ],
            "type": "Reshape"
        },
        {
            "extras": {
                "c_l2_error": 0,
                "c_l2_id": -1,
                "n_macc": 62720,
                "n_params": 62800,
                "psize": 251200,
                "rom_n_params": 62800,
                "rom_output": {
                    "c_size": 320,
                    "fmt": {
                        "c_bits": [
                            32,
                            0
                        ],
                        "c_format": "AI_ARRAY_FORMAT_FLOAT",
                        "c_size": 4,
                        "c_type": "ai_float",
                        "format": "FLOAT32"
                    },
                    "shape": [
                        1,
                        1,
                        80,
                        1
                    ]
                },
                "rom_size": 251200,
                "rom_size_params": 251200,
                "rom_trans": null
            },
            "id": 1,
            "inputs": [
                "reshape_0"
            ],
            "name": "dense_1",
            "num_units": 80,
            "out_shapes": [
                [
                    80
                ]
            ],
            "outputs": [
                "dense_1"
            ],
            "type": "Dense",
            "use_bias": true
        },
        {
            "extras": {
                "c_l2_error": 0,
                "c_l2_id": -1,
                "n_macc": 880,
                "n_params": 0,
                "psize": 0,
                "rom_n_params": 0,
                "rom_output": {
                    "c_size": 320,
                    "fmt": {
                        "c_bits": [
                            32,
                            0
                        ],
                        "c_format": "AI_ARRAY_FORMAT_FLOAT",
                        "c_size": 4,
                        "c_type": "ai_float",
                        "format": "FLOAT32"
                    },
                    "shape": [
                        1,
                        1,
                        80,
                        1
                    ]
                },
                "rom_size": 0,
                "rom_size_params": 0,
                "rom_trans": null
            },
            "id": 2,
            "inputs": [
                "dense_1"
            ],
            "name": "nl_2",
            "nonlinearity": "selu",
            "out_shapes": [
                [
                    80
                ]
            ],
            "outputs": [
                "nl_2"
            ],
            "type": "Nonlinearity"
        },
        {
            "extras": {
                "c_l2_error": 0,
                "c_l2_id": -1,
                "n_macc": 4800,
                "n_params": 4860,
                "psize": 19440,
                "rom_n_params": 4860,
                "rom_output": {
                    "c_size": 240,
                    "fmt": {
                        "c_bits": [
                            32,
                            0
                        ],
                        "c_format": "AI_ARRAY_FORMAT_FLOAT",
                        "c_size": 4,
                        "c_type": "ai_float",
                        "format": "FLOAT32"
                    },
                    "shape": [
                        1,
                        1,
                        60,
                        1
                    ]
                },
                "rom_size": 19440,
                "rom_size_params": 19440,
                "rom_trans": null
            },
            "id": 3,
            "inputs": [
                "nl_2"
            ],
            "name": "dense_3",
            "num_units": 60,
            "out_shapes": [
                [
                    60
                ]
            ],
            "outputs": [
                "dense_3"
            ],
            "type": "Dense",
            "use_bias": true
        },
        {
            "extras": {
                "c_l2_error": 0,
                "c_l2_id": -1,
                "n_macc": 660,
                "n_params": 0,
                "psize": 0,
                "rom_n_params": 0,
                "rom_output": {
                    "c_size": 240,
                    "fmt": {
                        "c_bits": [
                            32,
                            0
                        ],
                        "c_format": "AI_ARRAY_FORMAT_FLOAT",
                        "c_size": 4,
                        "c_type": "ai_float",
                        "format": "FLOAT32"
                    },
                    "shape": [
                        1,
                        1,
                        60,
                        1
                    ]
                },
                "rom_size": 0,
                "rom_size_params": 0,
                "rom_trans": null
            },
            "id": 4,
            "inputs": [
                "dense_3"
            ],
            "name": "nl_4",
            "nonlinearity": "selu",
            "out_shapes": [
                [
                    60
                ]
            ],
            "outputs": [
                "nl_4"
            ],
            "type": "Nonlinearity"
        },
        {
            "extras": {
                "c_l2_error": 0,
                "c_l2_id": -1,
                "n_macc": 2400,
                "n_params": 2440,
                "psize": 9760,
                "rom_n_params": 2440,
                "rom_output": {
                    "c_size": 160,
                    "fmt": {
                        "c_bits": [
                            32,
                            0
                        ],
                        "c_format": "AI_ARRAY_FORMAT_FLOAT",
                        "c_size": 4,
                        "c_type": "ai_float",
                        "format": "FLOAT32"
                    },
                    "shape": [
                        1,
                        1,
                        40,
                        1
                    ]
                },
                "rom_size": 9760,
                "rom_size_params": 9760,
                "rom_trans": null
            },
            "id": 5,
            "inputs": [
                "nl_4"
            ],
            "name": "dense_5",
            "num_units": 40,
            "out_shapes": [
                [
                    40
                ]
            ],
            "outputs": [
                "dense_5"
            ],
            "type": "Dense",
            "use_bias": true
        },
        {
            "extras": {
                "c_l2_error": 0,
                "c_l2_id": -1,
                "n_macc": 440,
                "n_params": 0,
                "psize": 0,
                "rom_n_params": 0,
                "rom_output": {
                    "c_size": 160,
                    "fmt": {
                        "c_bits": [
                            32,
                            0
                        ],
                        "c_format": "AI_ARRAY_FORMAT_FLOAT",
                        "c_size": 4,
                        "c_type": "ai_float",
                        "format": "FLOAT32"
                    },
                    "shape": [
                        1,
                        1,
                        40,
                        1
                    ]
                },
                "rom_size": 0,
                "rom_size_params": 0,
                "rom_trans": null
            },
            "id": 6,
            "inputs": [
                "dense_5"
            ],
            "name": "nl_6",
            "nonlinearity": "selu",
            "out_shapes": [
                [
                    40
                ]
            ],
            "outputs": [
                "nl_6"
            ],
            "type": "Nonlinearity"
        },
        {
            "extras": {
                "c_l2_error": 0,
                "c_l2_id": -1,
                "n_macc": 800,
                "n_params": 820,
                "psize": 3280,
                "rom_n_params": 820,
                "rom_output": {
                    "c_size": 80,
                    "fmt": {
                        "c_bits": [
                            32,
                            0
                        ],
                        "c_format": "AI_ARRAY_FORMAT_FLOAT",
                        "c_size": 4,
                        "c_type": "ai_float",
                        "format": "FLOAT32"
                    },
                    "shape": [
                        1,
                        1,
                        20,
                        1
                    ]
                },
                "rom_size": 3280,
                "rom_size_params": 3280,
                "rom_trans": null
            },
            "id": 7,
            "inputs": [
                "nl_6"
            ],
            "name": "dense_7",
            "num_units": 20,
            "out_shapes": [
                [
                    20
                ]
            ],
            "outputs": [
                "dense_7"
            ],
            "type": "Dense",
            "use_bias": true
        },
        {
            "extras": {
                "c_l2_error": 0,
                "c_l2_id": -1,
                "n_macc": 220,
                "n_params": 0,
                "psize": 0,
                "rom_n_params": 0,
                "rom_output": {
                    "c_size": 80,
                    "fmt": {
                        "c_bits": [
                            32,
                            0
                        ],
                        "c_format": "AI_ARRAY_FORMAT_FLOAT",
                        "c_size": 4,
                        "c_type": "ai_float",
                        "format": "FLOAT32"
                    },
                    "shape": [
                        1,
                        1,
                        20,
                        1
                    ]
                },
                "rom_size": 0,
                "rom_size_params": 0,
                "rom_trans": null
            },
            "id": 8,
            "inputs": [
                "dense_7"
            ],
            "name": "nl_8",
            "nonlinearity": "selu",
            "out_shapes": [
                [
                    20
                ]
            ],
            "outputs": [
                "nl_8"
            ],
            "type": "Nonlinearity"
        },
        {
            "extras": {
                "c_l2_error": 0,
                "c_l2_id": -1,
                "n_macc": 200,
                "n_params": 210,
                "psize": 840,
                "rom_n_params": 210,
                "rom_output": {
                    "c_size": 40,
                    "fmt": {
                        "c_bits": [
                            32,
                            0
                        ],
                        "c_format": "AI_ARRAY_FORMAT_FLOAT",
                        "c_size": 4,
                        "c_type": "ai_float",
                        "format": "FLOAT32"
                    },
                    "shape": [
                        1,
                        1,
                        10,
                        1
                    ]
                },
                "rom_size": 840,
                "rom_size_params": 840,
                "rom_trans": null
            },
            "id": 9,
            "inputs": [
                "nl_8"
            ],
            "name": "dense_9",
            "num_units": 10,
            "out_shapes": [
                [
                    10
                ]
            ],
            "outputs": [
                "dense_9"
            ],
            "type": "Dense",
            "use_bias": true
        }
    ],
    "maxlen_name": 40,
    "md5": "839507964ac563d01a3b1ea7390ed78b",
    "model_files": [
        "/home/mverne/Desktop/model3.tflite"
    ],
    "model_n_params": 71130,
    "model_name": "model3",
    "model_size": 284520,
    "model_type": "tflite (tflite)",
    "name": "network",
    "outputs": [
        "dense_9"
    ],
    "ram_io_size": [
        3136,
        40
    ],
    "ram_size": [
        560,
        560
    ],
    "report_version": 1.0,
    "rom_cfact": null,
    "rom_heap": [
        0,
        0
    ],
    "rom_heap_inspector": 2048,
    "rom_inputs": [
        {
            "c_size": 3136,
            "c_type": "ai_float",
            "name": "serving_default_flatten_2_input0"
        }
    ],
    "rom_l2_error_max": 0.0,
    "rom_n_c_nodes": 9,
    "rom_n_macc": 73120,
    "rom_n_macc_max": 62720,
    "rom_outputs": [
        {
            "c_size": 40,
            "c_type": "ai_float",
            "name": "dense_9"
        }
    ],
    "rom_size": 284520,
    "rom_size_max": 251200,
    "rom_stack": [
        0,
        0
    ],
    "strategy": "heap_overlay_pool",
    "tools_api_version": {
        "major": 1,
        "micro": 0,
        "minor": 3
    },
    "tools_version": {
        "extra": null,
        "major": 5,
        "micro": 0,
        "minor": 2
    },
    "version": "0.2"
}